episode,episode_return,episode_length,critic_loss,actor_loss,alpha,q_value,eval_return,gpu_memory_mb
1,5.899843369747932,10,0.0,0.0,0.2,0.0,,32.482816
2,5.640311118580351,10,0.0,0.0,0.2,0.0,,32.482816
3,5.904987432356707,10,0.0,0.0,0.2,0.0,,32.482816
4,5.573217102704856,10,0.0,0.0,0.2,0.0,,32.482816
5,5.47781389418677,10,0.0,0.0,0.2,0.0,,32.482816
6,5.660235756283158,10,0.0,0.0,0.2,0.0,,32.482816
7,5.640116234171299,10,0.0,0.0,0.2,0.0,,32.482816
8,5.869156257891398,10,0.0,0.0,0.2,0.0,,32.482816
9,5.839322376427855,10,0.0,0.0,0.2,0.0,,32.482816
10,5.547741704215104,10,0.0,0.0,0.2,0.0,,32.482816
11,5.74605641644643,10,0.0,0.0,0.2,0.0,,32.482816
12,5.6546963889546555,10,0.0,0.0,0.2,0.0,,32.482816
13,5.904514241436807,10,0.0,0.0,0.2,0.0,,32.482816
14,5.437282493645952,10,0.0,0.0,0.2,0.0,,32.482816
15,5.61371673430931,10,0.0,0.0,0.2,0.0,,32.482816
16,5.844391168171328,10,0.0,0.0,0.2,0.0,,32.482816
17,5.764151452734441,10,0.0,0.0,0.2,0.0,,32.482816
18,5.7214730237712255,10,0.0,0.0,0.2,0.0,,32.482816
19,5.8126378159192145,10,0.0,0.0,0.2,0.0,,32.482816
20,5.821389562472529,10,0.0,0.0,0.2,0.0,5.751778130550316,32.482816
21,5.812937390142381,10,0.0,0.0,0.2,0.0,,32.482816
22,5.4707378223729055,10,0.0,0.0,0.2,0.0,,32.482816
23,5.486020004213137,10,0.0,0.0,0.2,0.0,,32.482816
24,5.572813191007096,10,0.0,0.0,0.2,0.0,,32.482816
25,5.915015055960249,10,0.0,0.0,0.2,0.0,,32.482816
26,5.755279987963313,10,0.0,0.0,0.2,0.0,,32.482816
27,5.577244352792356,10,0.0,0.0,0.2,0.0,,32.482816
28,5.683568282720038,10,0.0,0.0,0.2,0.0,,32.482816
29,5.500624832108421,10,0.0,0.0,0.2,0.0,,32.482816
30,5.840847346557467,10,0.0,0.0,0.2,0.0,,32.482816
31,5.845271055121718,10,0.0,0.0,0.2,0.0,,32.482816
32,5.504665775373399,10,0.0,0.0,0.2,0.0,,32.482816
33,5.704686979506332,10,0.0,0.0,0.2,0.0,,32.482816
34,5.986441672403067,10,0.0,0.0,0.2,0.0,,32.482816
35,5.804165140788433,10,0.0,0.0,0.2,0.0,,32.482816
36,5.720196431652207,10,0.0,0.0,0.2,0.0,,32.482816
37,5.415392029964518,10,0.0,0.0,0.2,0.0,,32.482816
38,5.4923007538364725,10,0.0,0.0,0.2,0.0,,32.482816
39,5.6947247595061405,10,0.0,0.0,0.2,0.0,,32.482816
40,5.4402183418985715,10,0.0,0.0,0.2,0.0,5.704050833527404,32.482816
41,5.726347980507933,10,0.0,0.0,0.2,0.0,,32.482816
42,5.608476722148998,10,0.0,0.0,0.2,0.0,,32.482816
43,5.566230772863573,10,0.0,0.0,0.2,0.0,,32.482816
44,5.816637158206293,10,0.0,0.0,0.2,0.0,,32.482816
45,5.544862397503337,10,0.0,0.0,0.2,0.0,,32.482816
46,5.786416626955745,10,0.0,0.0,0.2,0.0,,32.482816
47,5.565445351284788,10,0.0,0.0,0.2,0.0,,32.482816
48,5.8619397219599465,10,0.0,0.0,0.2,0.0,,32.482816
49,5.864037736196715,10,0.0,0.0,0.2,0.0,,32.482816
50,6.074693356257956,10,0.0,0.0,0.2,0.0,,32.482816
51,6.451394008277799,10,0.0,0.0,0.2,0.0,,32.482816
52,5.34878317542803,10,0.0,0.0,0.2,0.0,,32.482816
53,5.591521947327572,10,0.0,0.0,0.2,0.0,,32.482816
54,5.533830746397189,10,0.0,0.0,0.2,0.0,,32.482816
55,5.772497129114135,10,0.0,0.0,0.2,0.0,,32.482816
56,5.585393055157995,10,0.0,0.0,0.2,0.0,,32.482816
57,5.674955921447468,10,0.0,0.0,0.2,0.0,,32.482816
58,5.898026031213413,10,0.0,0.0,0.2,0.0,,32.482816
59,5.767190115982885,10,0.0,0.0,0.2,0.0,,32.482816
60,5.870475553265984,10,0.0,0.0,0.2,0.0,5.641211791954051,32.482816
61,5.839616082541117,10,0.0,0.0,0.2,0.0,,32.482816
62,5.543953434809694,10,0.0,0.0,0.2,0.0,,32.482816
63,5.74660395475954,10,0.0,0.0,0.2,0.0,,32.482816
64,5.512535316709478,10,0.0,0.0,0.2,0.0,,32.482816
65,5.600717588532127,10,0.0,0.0,0.2,0.0,,32.482816
66,5.807327205706996,10,0.0,0.0,0.2,0.0,,32.482816
67,5.971316103168045,10,0.0,0.0,0.2,0.0,,32.482816
68,5.435992656762982,10,0.0,0.0,0.2,0.0,,32.482816
69,5.8140352285603765,10,0.0,0.0,0.2,0.0,,32.482816
70,5.805865769378691,10,0.0,0.0,0.2,0.0,,32.482816
71,5.28893252808761,10,0.0,0.0,0.2,0.0,,32.482816
72,5.510010873873953,10,0.0,0.0,0.2,0.0,,32.482816
73,5.629681731139228,10,0.0,0.0,0.2,0.0,,32.482816
74,5.6850123152119885,10,0.0,0.0,0.2,0.0,,32.482816
75,5.685784859708288,10,0.0,0.0,0.2,0.0,,32.482816
76,6.09257537692908,10,0.0,0.0,0.2,0.0,,32.482816
77,5.728735499678688,10,0.0,0.0,0.2,0.0,,32.482816
78,5.7121060797297165,10,0.0,0.0,0.2,0.0,,32.482816
79,5.975779124233947,10,0.0,0.0,0.2,0.0,,32.482816
80,6.015898304816163,10,0.0,0.0,0.2,0.0,5.757612592915517,32.482816
81,5.589543491469053,10,0.0,0.0,0.2,0.0,,32.482816
82,5.7155482538857925,10,0.0,0.0,0.2,0.0,,32.482816
83,5.77656167462101,10,0.0,0.0,0.2,0.0,,32.482816
84,5.81694197425046,10,0.0,0.0,0.2,0.0,,32.482816
85,5.659394317386462,10,0.0,0.0,0.2,0.0,,32.482816
86,5.877694561897291,10,0.0,0.0,0.2,0.0,,32.482816
87,5.984143273472444,10,0.0,0.0,0.2,0.0,,32.482816
88,5.783376300075783,10,0.0,0.0,0.2,0.0,,32.482816
89,5.523251623295706,10,0.0,0.0,0.2,0.0,,32.482816
90,5.887764824035716,10,0.0,0.0,0.2,0.0,,32.482816
91,5.65050162151294,10,0.0,0.0,0.2,0.0,,32.482816
92,5.742346116020291,10,0.0,0.0,0.2,0.0,,32.482816
93,6.010595581011537,10,0.0,0.0,0.2,0.0,,32.482816
94,5.811970608034652,10,0.0,0.0,0.2,0.0,,32.482816
95,5.572918267509566,10,0.0,0.0,0.2,0.0,,32.482816
96,5.6912771448882955,10,0.0,0.0,0.2,0.0,,32.482816
97,6.013893975159031,10,0.0,0.0,0.2,0.0,,32.482816
98,5.433157550842,10,0.0,0.0,0.2,0.0,,32.482816
99,5.872576876315271,10,0.0,0.0,0.2,0.0,,32.482816
100,5.529634948348277,10,20.09149169921875,3.9495444297790527,0.9997000694274902,-0.05182690545916557,5.609540974101561,36.097024
101,5.833304862657301,10,466.6072723388672,16.92946586608887,0.9980495929718017,-0.4441242776811123,,36.097024
102,6.002200823610284,10,156.93630599975586,11.991745853424073,0.995033323764801,-1.4896032154560088,,36.097024
103,5.89014125738388,10,18.400184917449952,7.355233192443848,0.9919687211513519,-3.1430509805679323,,36.097024
104,5.683516693066945,10,15.731636810302735,4.973562622070313,0.9888509929180145,-3.3030088424682615,,36.097024
105,5.408896364135127,10,8.687977313995361,3.2635363340377808,0.9857199311256408,-2.1335939049720762,,36.097024
106,5.879537580028846,10,3.458565187454224,2.0987632393836977,0.9826053142547607,-1.055476725101471,,36.097024
107,5.531446968805074,10,2.92589590549469,1.4022905230522156,0.9795168697834015,-0.47492008805274966,,36.097024
108,5.733595840896226,10,2.7550909996032713,1.4302184104919433,0.9764545023441314,-0.4695214629173279,,36.097024
109,5.7518683126590595,10,2.6918704509735107,1.5075820922851562,0.9734169363975524,-0.6145192563533783,,36.097024
110,5.651261071325099,10,2.62359037399292,1.5684704780578613,0.9704009115695953,-0.6448132514953613,,36.097024
111,5.829381333569243,10,2.4755305528640745,1.5410385727882385,0.9674048900604248,-0.6295048356056213,,36.097024
112,5.527645118689264,10,2.4958375215530397,1.525828981399536,0.9644263565540314,-0.6336092352867126,,36.097024
113,6.058180815870836,10,2.5707499027252196,1.5503382086753845,0.9614642441272736,-0.6348096787929535,,36.097024
114,5.674317093249248,10,2.4270551204681396,1.5668584108352661,0.9585174441337585,-0.6752070307731628,,36.097024
115,5.558268423611247,10,2.4777177810668944,1.6127243399620057,0.9555848658084869,-0.6994302630424499,,36.097024
116,5.673289449071921,10,2.5284931659698486,1.6278043508529663,0.9526658713817596,-0.714944702386856,,36.097024
117,5.570523829504498,10,2.4587212920188906,1.5392629623413085,0.9497598648071289,-0.6501209616661072,,36.097024
118,5.232820217529955,10,2.538450765609741,1.6023408055305481,0.9468659996986389,-0.6611205399036407,,36.097024
119,5.679957076187586,10,2.3486866474151613,1.578562116622925,0.9439842164516449,-0.7140859067440033,,36.097024
120,5.6339239049144005,10,2.460241436958313,1.5971585512161255,0.9411131560802459,-0.728207814693451,5.722376477249217,36.097024
121,5.870304849805441,10,2.3702649116516112,1.566911518573761,0.938252979516983,-0.6934885561466217,,36.097024
122,5.718291067412649,10,2.589207673072815,1.6430516600608827,0.935403686761856,-0.7633441329002381,,36.097024
123,5.602970013222474,10,2.5124354124069215,1.5868212223052978,0.9325653493404389,-0.701634269952774,,36.097024
124,5.941631094485219,10,2.2175145387649535,1.6477688312530518,0.9297375977039337,-0.7793674349784852,,36.097024
125,5.7881532790816905,10,2.352546215057373,1.588607943058014,0.9269199311733246,-0.7070420205593109,,36.097024
126,5.579122536428078,10,2.2221161484718324,1.6624746203422547,0.9241122901439667,-0.7666527926921844,,36.097024
127,5.560600491840702,10,2.24466335773468,1.630771231651306,0.9213148176670074,-0.7699743628501892,,36.097024
128,5.993497659424898,10,2.405315864086151,1.6396716594696046,0.9185269773006439,-0.7356082618236541,,36.097024
129,5.5111085538678415,10,2.225923466682434,1.5801005721092225,0.9157489180564881,-0.7370398819446564,,36.097024
130,5.691153851487403,10,2.2048896670341493,1.6936615347862243,0.9129803121089936,-0.768310809135437,,36.097024
131,5.866883380701612,10,2.228508162498474,1.573530650138855,0.9102214574813843,-0.7293375968933106,,36.097024
132,5.8299391541250465,10,2.161585545539856,1.607624900341034,0.9074711799621582,-0.7548379004001617,,36.097024
133,5.712695473548373,10,2.313768446445465,1.5974472880363464,0.9047299444675445,-0.7425046980381012,,36.097024
134,5.736040197697355,10,2.2499680876731873,1.5617098927497863,0.9019977867603302,-0.7096908807754516,,36.097024
135,5.747365191456591,10,2.116390514373779,1.6651699900627137,0.8992746651172638,-0.8181428730487823,,36.097024
136,5.486912614298569,10,2.2731308579444884,1.5718668341636657,0.8965603590011597,-0.7245449244976043,,36.097024
137,5.700642025438373,10,2.209102761745453,1.6078204751014709,0.8938550531864167,-0.7595049619674683,,36.097024
138,5.660381701876879,10,2.1403239965438843,1.6181047558784485,0.8911587774753571,-0.7517786741256713,,36.097024
139,6.109045728892948,10,2.089078414440155,1.5794912815093993,0.8884713172912597,-0.7576127767562866,,36.097024
140,6.043785194997268,10,2.1470208168029785,1.5807373166084289,0.8857920050621033,-0.7391979277133942,5.5794946969159165,36.097024
141,5.973850283978416,10,2.0830453634262085,1.51986882686615,0.8831211030483246,-0.71979119181633,,36.097024
142,5.865569313593991,10,2.0418935298919676,1.588646125793457,0.8804586052894592,-0.7619907319545746,,36.097024
143,5.3920333843854165,10,2.119269871711731,1.6064499139785766,0.8778051555156707,-0.7587599992752075,,36.097024
144,5.425107795452681,10,2.0282355308532716,1.5371186494827271,0.8751606285572052,-0.702343761920929,,36.097024
145,5.865732085446592,10,2.1461981296539308,1.514284646511078,0.8725240707397461,-0.7201108008623123,,36.097024
146,5.30823057420545,10,2.0164480805397034,1.5355125784873962,0.8698952674865723,-0.737743616104126,,36.097024
147,5.455848440038167,10,2.0292314291000366,1.5960146903991699,0.8672751247882843,-0.7598301768302917,,36.097024
148,5.717666008269561,10,2.0332997322082518,1.6026120066642762,0.8646636247634888,-0.7909521341323853,,36.097024
149,5.680414005816818,10,1.9502887010574341,1.4738543629646301,0.8620599508285522,-0.6708635270595551,,36.097024
150,5.84908050402489,10,2.0458728075027466,1.5869336247444152,0.8594644248485566,-0.8031803071498871,,36.097024
151,5.58326639760446,10,1.9216315269470214,1.631764042377472,0.8568769991397858,-0.7877123355865479,,36.097024
152,5.92141197822611,10,1.8185877442359923,1.5357600569725036,0.8542982816696167,-0.7501787662506103,,36.097024
153,5.830888047645723,10,1.7846102952957152,1.5899359583854675,0.8517273426055908,-0.7775719106197357,,36.097024
154,5.658539784754009,10,1.8424074292182921,1.563098919391632,0.8491647481918335,-0.7421516716480255,,36.097024
155,5.473033993878049,10,1.8381105303764342,1.601116943359375,0.846610176563263,-0.785845285654068,,36.097024
156,5.768780952406554,10,1.9309071063995362,1.5527121663093566,0.8440636456012726,-0.7323027372360229,,36.097024
157,5.712978625608923,10,1.8093688011169433,1.5026672959327698,0.8415250241756439,-0.7256444215774536,,36.097024
158,5.536688814750757,10,1.7501672983169556,1.5506984114646911,0.8389937937259674,-0.7610067188739776,,36.097024
159,5.734031642021729,10,1.7666989088058471,1.5804374933242797,0.8364703059196472,-0.7992097437381744,,36.097024
160,5.457487132469717,10,1.8373970627784728,1.5754493355751038,0.8339548707008362,-0.7706568956375122,5.6644740073984945,36.097024
161,5.910503731638503,10,1.8538984298706054,1.4719182848930359,0.8314473152160644,-0.680546760559082,,36.097024
162,5.337113507624019,10,1.7713016390800476,1.5404184579849243,0.8289474666118621,-0.772928637266159,,36.097024
163,5.7346056980654305,10,1.7105718851089478,1.609092617034912,0.826455169916153,-0.8127228558063507,,36.097024
164,6.053563666533717,10,1.785631775856018,1.5102782130241394,0.8239707589149475,-0.7256180226802826,,36.097024
165,5.546199764151696,10,1.672465944290161,1.5091825485229493,0.8214938461780548,-0.7536495089530945,,36.097024
166,5.750726060525922,10,1.6611687421798706,1.5872169971466064,0.8190245032310486,-0.7741520404815674,,36.097024
167,5.61504878441658,10,1.7634531259536743,1.5084266662597656,0.8165633201599121,-0.7362017512321473,,36.097024
168,5.672511032508893,10,1.7398588538169861,1.5831969857215882,0.8141095757484436,-0.7759149849414826,,36.097024
169,5.509350434890067,10,1.684285318851471,1.556957745552063,0.8116639018058777,-0.7591493666172028,,36.097024
170,5.842415517428651,10,1.7223729491233826,1.4739253401756287,0.8092254519462585,-0.7175819575786591,,36.097024
171,5.809622519722165,10,1.628716731071472,1.5155518054962158,0.8067937612533569,-0.7812897801399231,,36.097024
172,5.696833301566472,10,1.7217080473899842,1.521920382976532,0.804369306564331,-0.7519989728927612,,36.097024
173,5.490991343451398,10,1.5728655338287354,1.5330696940422057,0.8019527912139892,-0.7593397796154022,,36.097024
174,5.548270922791102,10,1.6221034169197082,1.5344321489334107,0.7995435118675231,-0.7832426071166992,,36.097024
175,5.439967748406338,10,1.60736985206604,1.5167078137397767,0.7971416234970092,-0.7394244551658631,,36.097024
176,5.6558195034520775,10,1.474503231048584,1.5150622725486755,0.7947474360466004,-0.7655653238296509,,36.097024
177,5.8571104853446165,10,1.6645641565322875,1.5272518873214722,0.7923604488372803,-0.7600358307361603,,36.097024
178,5.8614746796513755,10,1.5022473335266113,1.5111220717430114,0.7899806499481201,-0.7591295957565307,,36.097024
179,5.857189094432247,10,1.502381694316864,1.493141520023346,0.7876080393791198,-0.7537898421287537,,36.097024
180,5.580494492790279,10,1.4914581060409546,1.4767242789268493,0.7852426767349243,-0.7326354682445526,5.63329208868377,36.097024
181,5.531383235662699,10,1.6142066717147827,1.5101584434509276,0.7828846395015716,-0.7540280818939209,,36.097024
182,5.572092379873845,10,1.4073272109031678,1.4796214342117309,0.7805338382720948,-0.720359718799591,,36.097024
183,5.5430439280444945,10,1.569929301738739,1.5487806797027588,0.7781904757022857,-0.7938355028629303,,36.097024
184,5.558500491915067,10,1.471129333972931,1.5164369344711304,0.7758540153503418,-0.7883369624614716,,36.097024
185,5.657657469781353,10,1.4498198270797729,1.49132080078125,0.773524284362793,-0.7867414236068726,,36.097024
186,5.509348072181748,10,1.480512225627899,1.4686866998672485,0.7712012708187104,-0.7541120171546936,,36.097024
187,5.687207626894294,10,1.4873940706253053,1.4637564659118651,0.7688852787017822,-0.7494913041591644,,36.097024
188,5.719103557725363,10,1.440372848510742,1.400612735748291,0.7665763318538665,-0.6937064945697784,,36.097024
189,6.121555926995807,10,1.4483861804008484,1.4561096906661988,0.7642744898796081,-0.7404973268508911,,36.097024
190,5.5655146387112975,10,1.3904141187667847,1.4688995957374573,0.7619799196720123,-0.7402677595615387,,36.097024
191,5.477277492672546,10,1.3990750670433045,1.430017638206482,0.7596921980381012,-0.7327862024307251,,36.097024
192,5.885875861201315,10,1.4381980061531068,1.421138846874237,0.75741126537323,-0.715717077255249,,36.097024
193,5.8543263451667045,10,1.420932376384735,1.4797435641288756,0.7551374435424805,-0.7529299199581146,,36.097024
194,5.9814382498001795,10,1.3747867226600647,1.4173332810401917,0.7528709053993226,-0.696178674697876,,36.097024
195,5.409498414736219,10,1.481040072441101,1.4721703052520752,0.750611275434494,-0.7586238026618958,,36.097024
196,5.368509695333682,10,1.3465555906295776,1.3921506762504579,0.7483583331108093,-0.6837419450283051,,36.097024
197,6.05376366324227,10,1.3816743731498717,1.429335069656372,0.746112459897995,-0.720380038022995,,36.097024
198,5.759619361430621,10,1.3740745425224303,1.3584559679031372,0.7438732862472535,-0.6769595742225647,,36.097024
199,5.793458669839437,10,1.405004894733429,1.3708497524261474,0.7416402518749237,-0.6911142885684967,,36.097024
200,5.623212726230299,10,1.306440567970276,1.3360377192497253,0.7394137442111969,-0.6729269742965698,5.742220605623735,36.097024
201,5.686212595009815,10,1.2380543231964112,1.3329472899436952,0.737194013595581,-0.6634170711040497,,36.097024
202,5.919676320428993,10,1.341668176651001,1.4038556575775147,0.734981256723404,-0.6860139906406403,,36.097024
203,5.857131111608567,10,1.3796154737472535,1.358147096633911,0.7327757716178894,-0.6591922104358673,,36.097024
204,5.586886283092346,10,1.4127667665481567,1.3122459292411803,0.7305770754814148,-0.6300293505191803,,36.097024
205,5.554205107306537,10,1.3150853753089904,1.3110078811645507,0.7283847391605377,-0.6442564785480499,,36.097024
206,5.716232008963658,10,1.295551562309265,1.3399308681488038,0.7261986911296845,-0.6453356564044952,,36.097024
207,5.662026205670271,10,1.2163251996040345,1.3741430521011353,0.7240195631980896,-0.6967521488666535,,36.097024
208,5.312443635326127,10,1.3366833925247192,1.3333545923233032,0.7218471467494965,-0.6512792766094208,,36.097024
209,5.927722887914827,10,1.3166234135627746,1.2759328365325928,0.7196812987327575,-0.6138252377510071,,36.097024
210,5.528042914610301,10,1.3122744679450988,1.2782338738441468,0.717521733045578,-0.6138052642345428,,36.097024
211,5.820955816367478,10,1.2619638204574586,1.3328577518463134,0.71536865234375,-0.6575696885585784,,36.097024
212,5.860349808639558,10,1.1774397790431976,1.3250162243843078,0.7132224380970001,-0.6380158066749573,,36.097024
213,5.778773868435206,10,1.2625548481941222,1.2933335661888123,0.7110828816890716,-0.6096970230340958,,36.097024
214,5.998162213756446,10,1.2098560810089112,1.2503764510154725,0.708949875831604,-0.5893052279949188,,36.097024
215,5.512950287448487,10,1.1674087762832641,1.334984827041626,0.706823068857193,-0.6717675447463989,,36.097024
216,5.655984241626017,10,1.3131454944610597,1.2846104979515076,0.7047025680541992,-0.6162611186504364,,36.097024
217,5.7829539167041375,10,1.2205220937728882,1.2594138622283935,0.7025886237621307,-0.5903373777866363,,36.097024
218,5.737478154663588,10,1.2361783862113953,1.2582101225852966,0.7004811227321625,-0.5974910289049149,,36.097024
219,5.508818093278514,10,1.253631579875946,1.2549906492233276,0.6983800053596496,-0.5946776688098907,,36.097024
220,5.601044576754951,10,1.2907307386398315,1.185202169418335,0.696285218000412,-0.5177650839090348,5.696738539875984,36.097024
221,5.9283688180451,10,1.1397397875785829,1.2099241137504577,0.6941965997219086,-0.5656885147094727,,36.097024
222,5.849407297932955,10,1.2216355204582214,1.2538237810134887,0.6921142995357513,-0.5914204001426697,,36.097024
223,5.661724429669039,10,1.1816675126552583,1.218273651599884,0.6900385022163391,-0.5694604098796845,,36.097024
224,5.492910631059478,10,1.1557550191879273,1.2032841920852662,0.6879687309265137,-0.5598455011844635,,36.097024
225,5.741987954952322,10,1.1143879890441895,1.1883930325508119,0.6859051823616028,-0.5316093802452088,,36.097024
226,6.065225087937289,10,1.1581528782844543,1.1408526301383972,0.6838479936122894,-0.5039629727602005,,36.097024
227,5.75787432718693,10,1.1144280791282655,1.1585515022277832,0.6817969024181366,-0.5224309504032135,,36.097024
228,6.085858520588341,10,1.123417615890503,1.156556534767151,0.6797519147396087,-0.5099922150373459,,36.097024
229,5.658761014329772,10,1.172926700115204,1.1754167556762696,0.6777132511138916,-0.525722274184227,,36.097024
230,5.559127560590284,10,1.1564082145690917,1.1628417491912841,0.6756810009479522,-0.524397349357605,,36.097024
231,5.894772283880392,10,1.1358489036560058,1.0853491306304932,0.6736546397209168,-0.4641177535057068,,36.097024
232,5.688035622257231,10,1.1148013174533844,1.0773213922977447,0.6716338455677032,-0.4655634015798569,,36.097024
233,5.5251432597750405,10,1.152727210521698,1.089210033416748,0.6696191310882569,-0.4750544548034668,,36.097024
234,5.769734565134041,10,1.1039035439491272,1.1119301557540893,0.6676106333732605,-0.48652481734752656,,36.097024
235,5.665162122447639,10,1.0973523437976838,1.003751415014267,0.6656082034111023,-0.40210739374160764,,36.097024
236,5.751276169095561,10,1.0854837357997895,1.0901692271232606,0.6636115610599518,-0.48908081352710725,,36.097024
237,5.501154754280661,10,1.093159157037735,1.0645202219486236,0.6616209805011749,-0.4397952824831009,,36.097024
238,5.8607205722985745,10,1.0945204377174378,1.1000580072402955,0.6596367001533509,-0.49444944858551027,,36.097024
239,5.7384428087933586,10,1.0618302941322326,1.1024761915206909,0.6576584994792938,-0.4555136561393738,,36.097024
240,5.7073172936240795,10,1.008320951461792,1.1204508185386657,0.6556869506835937,-0.4602136254310608,5.770199552490313,36.097024
241,5.956266016152581,10,1.0806429982185364,1.0214913070201874,0.6537213861942291,-0.43621878027915956,,36.097024
242,5.758618435209244,10,1.0629418313503265,1.0202080667018891,0.6517609477043151,-0.42257196009159087,,36.097024
243,5.883270742187357,10,1.1043633818626404,0.9845676183700561,0.649806272983551,-0.3877154320478439,,36.097024
244,5.589143574997342,10,1.119585746526718,1.0291258633136748,0.6478576004505158,-0.40743785798549653,,36.097024
245,5.307525274786409,10,1.0601111888885497,0.9781267762184143,0.6459149062633515,-0.37300402522087095,,36.097024
246,5.872946633856324,10,0.942324560880661,1.005934226512909,0.6439781904220581,-0.386303448677063,,36.097024
247,5.674713904551681,10,1.0453766644001008,0.9016046226024628,0.642047256231308,-0.3382346600294113,,36.097024
248,5.660388639054934,10,1.107258176803589,0.9815109193325042,0.6401215076446534,-0.39603537917137144,,36.097024
249,5.722689169040623,10,1.0118370652198792,0.9637244343757629,0.6382017612457276,-0.3766248196363449,,36.097024
250,5.594346675917881,10,0.984290337562561,0.9464221179485321,0.6362878561019898,-0.3536563977599144,,36.097024
251,5.360719797034622,10,1.0852044820785522,0.9228486239910125,0.6343799471855164,-0.32971243262290956,,36.097024
252,5.8562294038278235,10,1.0153074264526367,0.9410382091999054,0.6324778318405151,-0.34187331199646,,36.097024
253,5.923904833738893,10,0.9860677897930146,0.9580603837966919,0.6305815756320954,-0.33930609822273256,,36.097024
254,5.95351651845382,10,1.0368384778499604,0.9819241821765899,0.628691452741623,-0.3836871117353439,,36.097024
255,5.651905665369351,10,0.993418526649475,0.8952045679092407,0.6268068611621856,-0.3085033491253853,,36.097024
256,6.046579056357259,10,0.9959208786487579,0.8793176949024201,0.6249276876449585,-0.29236774146556854,,36.097024
257,5.779564979665922,10,0.948849493265152,0.9004576861858368,0.6230542600154877,-0.30198330283164976,,36.097024
258,5.818813972849157,10,1.016018956899643,0.8558706402778625,0.6211863815784454,-0.29435463547706603,,36.097024
259,5.57768334500404,10,0.9562874436378479,0.8863594114780426,0.6193238735198975,-0.295533786714077,,36.097024
260,5.486185775047867,10,0.925342470407486,0.8608267605304718,0.6174672722816468,-0.27146359980106355,5.62992988652167,36.097024
261,5.780268239543317,10,0.9461108982563019,0.8169322192668915,0.6156162440776825,-0.2411261111497879,,36.097024
262,5.589810611512254,10,0.9197188377380371,0.8381642401218414,0.6137707352638244,-0.25724041759967803,,36.097024
263,5.842340710080636,10,0.943249523639679,0.8180867373943329,0.6119307398796081,-0.25500255525112153,,36.097024
264,5.747339029624353,10,0.8879333198070526,0.8678037643432617,0.6100961685180664,-0.2800698921084404,,36.097024
265,5.401799313696043,10,0.9464462041854859,0.7730413913726807,0.6082674503326416,-0.21025958508253098,,36.097024
266,5.679755848607493,10,0.9178583025932312,0.7844684481620788,0.6064439535140991,-0.21232812404632567,,36.097024
267,5.872680721869323,10,0.8756035327911377,0.780741024017334,0.6046258985996247,-0.2040961354970932,,36.097024
268,5.606472373906591,10,0.8976549565792084,0.7644876062870025,0.6028136134147644,-0.18457993119955063,,36.097024
269,5.651736725081893,10,0.8702493488788605,0.7748192310333252,0.6010067880153656,-0.20421797558665275,,36.097024
270,5.804997463623545,10,0.8597163200378418,0.741974800825119,0.5992053389549256,-0.18425120487809182,,36.097024
271,5.6777489418594,10,0.8560821533203125,0.7208881318569184,0.5974089562892914,-0.17965071201324462,,36.097024
272,5.3760881755080705,10,0.9054408311843872,0.7398020446300506,0.5956178843975067,-0.18275542333722114,,36.097024
273,5.618295337388411,10,0.8226642370223999,0.7392330050468445,0.5938323140144348,-0.18722984939813614,,36.097024
274,5.713834847308277,10,0.8374367237091065,0.7027419209480286,0.5920521497726441,-0.13447180837392808,,36.097024
275,5.762568566128956,10,0.8431328892707824,0.6893912315368652,0.5902774512767792,-0.12860195711255074,,36.097024
276,5.906857146980121,10,0.8598982810974121,0.6608489781618119,0.5885082900524139,-0.11045613195747137,,36.097024
277,5.670519395450767,10,0.8657887697219848,0.6884017646312713,0.5867443978786469,-0.1283259207382798,,36.097024
278,5.788294224015704,10,0.8207932114601135,0.6278846502304077,0.5849857330322266,-0.07588736405596137,,36.097024
279,5.648278415046156,10,0.842276531457901,0.6114097774028778,0.5832321763038635,-0.07313523581251502,,36.097024
280,6.130548785174885,10,0.8132315635681152,0.6494574785232544,0.5814838349819184,-0.10534614361822606,5.794774314137896,36.097024
281,5.606016007757206,10,0.8600249528884888,0.593060877919197,0.579740846157074,-0.0497571705840528,,36.097024
282,5.796225029673494,10,0.8107177972793579,0.5825045883655549,0.5780030190944672,-0.044776838086545465,,36.097024
283,5.949872461044559,10,0.8623615980148316,0.5804977864027023,0.5762705028057098,-0.04098357018083334,,36.097024
284,5.435362951549048,10,0.8104289293289184,0.5892286419868469,0.5745432615280152,-0.04320320682600141,,36.097024
285,6.160286586606564,10,0.8034688353538513,0.5662373304367065,0.5728213310241699,-0.03720027199015021,,36.097024
286,5.497573109996712,10,0.8645630419254303,0.5222631633281708,0.5711042404174804,-0.0017533946316689252,,36.097024
287,5.811625007899773,10,0.7913322150707245,0.5748184800148011,0.569392329454422,-0.01909647644497454,,36.097024
288,5.891607358806313,10,0.8017655670642853,0.5174647539854049,0.5676858067512512,0.004943683696910739,,36.097024
289,5.697190113525899,10,0.7830844938755035,0.46370670199394226,0.5659839987754822,0.05884404815733433,,36.097024
290,5.652857227762965,10,0.8500898540019989,0.5116209983825684,0.5642873704433441,0.008802373567596078,,36.097024
291,5.621507826572748,10,0.7992356717586517,0.5010642558336258,0.5625958561897277,0.015597102604806424,,36.097024
292,6.106163771242907,10,0.7415550410747528,0.4790360420942307,0.5609093546867371,0.042486281134188175,,36.097024
293,5.46370531986908,10,0.7496167123317719,0.4720222055912018,0.5592279493808746,0.04917078167200088,,36.097024
294,5.8335100776547595,10,0.7529308676719666,0.4530732214450836,0.5575518131256103,0.06429066816344857,,36.097024
295,5.464114351813071,10,0.7367325365543366,0.4401670038700104,0.5558806180953979,0.08387598060071469,,36.097024
296,6.021001441697,10,0.7287723124027252,0.44633218348026277,0.5542146444320679,0.07408270128071308,,36.097024
297,5.561893388428155,10,0.7495442211627961,0.4300406962633133,0.5525536358356475,0.08854837585240602,,36.097024
298,5.7646450319732985,10,0.7288169801235199,0.4126785397529602,0.5508975684642792,0.08146521151065826,,36.097024
299,5.657427921453683,10,0.795099675655365,0.3857059344649315,0.5492461264133454,0.12806136459112166,,36.097024
300,5.984697234588454,10,0.746197247505188,0.3457916349172592,0.5475998222827911,0.18134523555636406,5.773667503847886,36.097024
301,5.827682833455268,10,0.7585904538631439,0.39243707060813904,0.5459590435028077,0.14420351944863796,,36.097024
302,5.592157255420798,10,0.7334022581577301,0.3956620186567307,0.5443233788013458,0.11874945014715195,,36.097024
303,5.854986262479629,10,0.7349776268005371,0.3405935257673264,0.5426921606063843,0.15876854360103607,,36.097024
304,5.521176894646151,10,0.7321168959140778,0.3027395889163017,0.5410656094551086,0.20291199982166291,,36.097024
305,5.59688113343668,10,0.7520594120025634,0.34325291514396666,0.539443963766098,0.1709596261382103,,36.097024
306,5.88106735533275,10,0.7164024531841278,0.28721007853746416,0.5378273963928223,0.21268606781959534,,36.097024
307,5.374257724512334,10,0.7650223851203919,0.33407713770866393,0.5362156867980957,0.17583937346935272,,36.097024
308,5.92600286625192,10,0.7299108982086182,0.2778244733810425,0.5346086680889129,0.21250264644622802,,36.097024
309,5.537914432122534,10,0.6834837257862091,0.2653681024909019,0.5330064058303833,0.2372187480330467,,36.097024
310,5.91499677246082,10,0.7011956036090851,0.22749373316764832,0.5314088582992553,0.2521634802222252,,36.097024
311,5.743689969954866,10,0.7182965040206909,0.25368220955133436,0.529816073179245,0.23952720165252686,,36.097024
312,5.980373233384552,10,0.67802192568779,0.2651331156492233,0.5282281398773193,0.23047642558813095,,36.097024
313,5.599588575733856,10,0.696617865562439,0.21843699216842652,0.5266450107097626,0.2625208705663681,,36.097024
314,5.431613908797631,10,0.7015852689743042,0.2197687655687332,0.5250665962696075,0.2805485114455223,,36.097024
315,5.865478435372821,10,0.7027870655059815,0.15156167596578599,0.5234930217266083,0.328204408288002,,36.097024
316,6.02313766388601,10,0.6704588294029236,0.2102018564939499,0.5219241559505463,0.290446312725544,,36.097024
317,5.538316975679113,10,0.6942783951759338,0.16157420203089715,0.5203601598739624,0.33518311083316804,,36.097024
318,5.579227020620829,10,0.728182315826416,0.1366325296461582,0.5188008308410644,0.3252647340297699,,36.097024
319,5.59163071193718,10,0.7089435994625092,0.1565296620130539,0.5172459423542023,0.34506372809410096,,36.097024
320,5.591153900431185,10,0.674676388502121,0.1490103706717491,0.5156959474086762,0.32397644519805907,5.7805783239516675,36.097024
321,5.499282011192664,10,0.6938920080661773,0.09960541957989336,0.5141505599021912,0.39584906697273253,,36.097024
322,5.618794897976972,10,0.6262631893157959,0.1368725247681141,0.5126099407672882,0.3395084947347641,,36.097024
323,5.810495822283684,10,0.6774888813495636,0.09418740682303905,0.5110737681388855,0.3879041522741318,,36.097024
324,5.553019923976062,10,0.674988466501236,0.06107177268713713,0.5095423400402069,0.4090075701475143,,36.097024
325,5.464198524938871,10,0.6264519661664962,0.061037457175552846,0.5080155074596405,0.41958178877830504,,36.097024
326,5.800354156339891,10,0.6480635643005371,0.03905662391334772,0.5064931035041809,0.42570621073246,,36.097024
327,5.813510020072386,10,0.6421162903308868,0.04692617449909449,0.5049751996994019,0.42657131850719454,,36.097024
328,5.862526914975351,10,0.6670040130615235,0.026984763145446778,0.5034619688987731,0.43864393830299375,,36.097024
329,5.855817805558577,10,0.6592183649539948,-0.011632652953267097,0.5019533932209015,0.502217349410057,,36.097024
330,5.615569977960146,10,0.6610378086566925,0.0069822131656110285,0.5004495352506637,0.4653235375881195,,36.097024
331,5.719785197558967,10,0.6286209464073181,-0.013022468332201243,0.4989500164985657,0.46559053659439087,,36.097024
332,5.7484229114437015,10,0.6453886091709137,-0.021984998229891063,0.4974547833204269,0.49352373480796813,,36.097024
333,5.622780346703501,10,0.6529431283473969,-0.00964677957817912,0.49596420526504514,0.48540656864643095,,36.097024
334,5.449947211493888,10,0.6321660578250885,-0.024632670730352402,0.4944783091545105,0.488012421131134,,36.097024
335,5.963305961657298,10,0.6328767955303192,-0.049190005846321584,0.4929966300725937,0.5196294814348221,,36.097024
336,6.010134211340434,10,0.6284156978130341,-0.08201747667044401,0.49151942431926726,0.533383572101593,,36.097024
337,5.728161129284606,10,0.590216189622879,-0.06629515951499343,0.4900464087724686,0.5317162573337555,,36.097024
338,5.363335968440655,10,0.6341871201992035,-0.13074591793119908,0.4885779857635498,0.5704891562461853,,36.097024
339,5.664273403042514,10,0.6237545490264893,-0.09391249977052211,0.48711380660533904,0.5645244419574738,,36.097024
340,5.660793963929945,10,0.6030064523220062,-0.13899781480431556,0.4856543093919754,0.5964304387569428,5.4920309998852055,36.097024
341,5.487450461180297,10,0.6069994866847992,-0.15494416281580925,0.48419906198978424,0.5904455304145813,,36.097024
342,5.661292138370119,10,0.6343964636325836,-0.1162455927580595,0.4827479302883148,0.5691045880317688,,36.097024
343,5.908110122430237,10,0.6072169810533523,-0.18467780873179435,0.48130129277706146,0.6320223689079285,,36.097024
344,5.913907036103244,10,0.61568204164505,-0.1691729784011841,0.4798589676618576,0.6015830397605896,,36.097024
345,5.546728484417286,10,0.5959306716918945,-0.18796832710504532,0.47842076420783997,0.6344192028045654,,36.097024
346,5.889934355240233,10,0.5979881703853607,-0.22496932446956636,0.4769870758056641,0.6792896330356598,,36.097024
347,5.734722790872388,10,0.5783936232328415,-0.2302721306681633,0.4755576640367508,0.6556365609169006,,36.097024
348,5.707433464540338,10,0.5952004671096802,-0.1864195317029953,0.4741325557231903,0.644653606414795,,36.097024
349,5.544894566218509,10,0.5810723006725311,-0.2193702906370163,0.47271208465099335,0.6649432063102723,,36.097024
350,5.509356584845,10,0.614762955904007,-0.24006667733192444,0.47129579484462736,0.6989242911338807,,36.097024
351,5.513521426725033,10,0.5612940400838852,-0.22596637457609176,0.4698838829994202,0.6712120711803437,,36.097024
352,5.442523062852669,10,0.5835246682167053,-0.2880887269973755,0.4684761345386505,0.7247360050678253,,36.097024
353,6.150827095259584,10,0.5830898761749268,-0.2907710388302803,0.46707246005535125,0.7253437221050263,,36.097024
354,5.941570231381005,10,0.6021089255809784,-0.3211493223905563,0.46567279994487765,0.7345358669757843,,36.097024
355,5.714714151020899,10,0.5641900807619095,-0.31015496253967284,0.46427714824676514,0.738400685787201,,36.097024
356,5.987394716155866,10,0.5477248132228851,-0.3036341890692711,0.462885656952858,0.7308009624481201,,36.097024
357,5.69267292744761,10,0.5400082558393479,-0.3370628833770752,0.46149851083755494,0.762844341993332,,36.097024
358,5.956584123573866,10,0.5774382293224335,-0.34854620397090913,0.460115584731102,0.776758325099945,,36.097024
359,5.654945400448731,10,0.567198759317398,-0.35640037059783936,0.45873684585094454,0.783538031578064,,36.097024
360,5.756088418134675,10,0.5640397548675538,-0.36854163706302645,0.4573622405529022,0.7919097542762756,5.716412747586976,36.097024
361,5.690832213773721,10,0.5414873868227005,-0.3641272813081741,0.455991730093956,0.7909707069396973,,36.097024
362,5.549004252049366,10,0.529947555065155,-0.3418891966342926,0.45462560951709746,0.7828755438327789,,36.097024
363,5.595844760428346,10,0.5549290120601654,-0.38631394803524016,0.4532636046409607,0.8180549025535584,,36.097024
364,5.612840277972886,10,0.5310874611139298,-0.3879539132118225,0.4519057273864746,0.8174033880233764,,36.097024
365,5.9135265880586285,10,0.5161316633224488,-0.38918285369873046,0.4505519926548004,0.8262515246868134,,36.097024
366,5.655172845642969,10,0.5181284666061401,-0.4333770006895065,0.44920234084129335,0.8526598930358886,,36.097024
367,5.813374075978728,10,0.5317598819732666,-0.42816783487796783,0.4478565245866776,0.8363343596458435,,36.097024
368,5.60880456627868,10,0.5105715155601501,-0.4606105536222458,0.4465143620967865,0.8653073310852051,,36.097024
369,5.719229115809273,10,0.4911637991666794,-0.44084458947181704,0.44517614245414733,0.865173214673996,,36.097024
370,5.70576508514829,10,0.5227404862642289,-0.43705278933048247,0.44384226500988005,0.8464926242828369,,36.097024
371,5.71091273807371,10,0.48998584747314455,-0.48531687557697295,0.44251229166984557,0.8948705077171326,,36.097024
372,5.855968777585864,10,0.5038294106721878,-0.48606106638908386,0.44118631184101104,0.8927823603153229,,36.097024
373,5.592517973359216,10,0.4897680371999741,-0.511795175075531,0.4398642033338547,0.9183302760124207,,36.097024
374,5.788478778458986,10,0.5139630556106567,-0.5104701310396195,0.43854615092277527,0.9092752695083618,,36.097024
375,5.678503024210995,10,0.5113293915987015,-0.5172421962022782,0.4372319996356964,0.9234641075134278,,36.097024
376,5.590232934004735,10,0.5036229938268661,-0.527961814403534,0.435921785235405,0.9374440491199494,,36.097024
377,5.932981091681791,10,0.5021090269088745,-0.5270863831043243,0.4346156567335129,0.934802383184433,,36.097024
378,5.576952562671878,10,0.4614701420068741,-0.5208144634962082,0.4333135336637497,0.9171768009662629,,36.097024
379,5.963457974519557,10,0.5024958342313767,-0.5307478129863739,0.4320151686668396,0.951604425907135,,36.097024
380,5.610083515937856,10,0.49097256660461425,-0.5790718495845795,0.43072082102298737,0.9505254328250885,5.764744598611289,36.097024
381,5.492947761646496,10,0.47101553082466124,-0.5518775433301926,0.42942988872528076,0.9473009467124939,,36.097024
382,5.319098313181772,10,0.4477772891521454,-0.5544849276542664,0.4281429946422577,0.9538036823272705,,36.097024
383,5.997025633398821,10,0.4802840411663055,-0.5828019082546234,0.42686002254486083,0.9844684541225434,,36.097024
384,5.707382814228733,10,0.4911242663860321,-0.5422947615385055,0.425581157207489,0.9531173646450043,,36.097024
385,6.020400393186585,10,0.43865799307823183,-0.5953947484493256,0.42430623769760134,0.9778190851211548,,36.097024
386,5.7831596866454715,10,0.4868840605020523,-0.5787892580032349,0.42303494811058046,0.9827751159667969,,36.097024
387,5.662224529947946,10,0.4627365618944168,-0.5892331421375274,0.421767595410347,0.9908042907714844,,36.097024
388,5.587353747206833,10,0.45705770552158353,-0.609298688173294,0.4205041199922562,1.0040848851203918,,36.097024
389,5.777521828999379,10,0.44658082723617554,-0.6170653998851776,0.4192443013191223,0.9984890937805175,,36.097024
390,5.562578578757974,10,0.43258562684059143,-0.614094203710556,0.4179880440235138,1.0121801018714904,,36.097024
391,5.910371694066269,10,0.46797358989715576,-0.6247360825538635,0.41673584282398224,1.0253913640975951,,36.097024
392,5.838206806801627,10,0.44595620036125183,-0.6508278906345367,0.41548752784729004,1.0362182974815368,,36.097024
393,5.778371127022351,10,0.4555751770734787,-0.6564735233783722,0.41424276530742643,1.0483857274055481,,36.097024
394,5.69731747663319,10,0.4279001712799072,-0.674937081336975,0.41300167739391325,1.0532331585884094,,36.097024
395,5.680443430120883,10,0.41182875335216523,-0.6587076485157013,0.4117642641067505,1.0605782628059388,,36.097024
396,5.631262825930708,10,0.4360503315925598,-0.6691099226474762,0.41053076684474943,1.051038146018982,,36.097024
397,5.482489255202657,10,0.4182890564203262,-0.663375735282898,0.40930089056491853,1.0626685738563537,,36.097024
398,5.623614263925913,10,0.40737116932868955,-0.6751469254493714,0.4080749213695526,1.0695327043533325,,36.097024
399,5.471374763055863,10,0.4297551244497299,-0.6760423958301545,0.40685266852378843,1.0609612584114074,,36.097024
400,5.918470423015379,10,0.4418318659067154,-0.705690449476242,0.40563406348228453,1.1003359794616698,5.682649753223374,36.097024
401,5.65058647667885,10,0.4037656098604202,-0.7007598996162414,0.40441906452178955,1.0885280132293702,,36.097024
402,5.729467353321814,10,0.43218551874160765,-0.6966835379600524,0.40320770144462587,1.0817144393920899,,36.097024
403,5.925680828253832,10,0.42064406871795657,-0.733532989025116,0.4019999146461487,1.108725368976593,,36.097024
404,5.509783225633899,10,0.3848977506160736,-0.7378251731395722,0.4007956087589264,1.1077003955841065,,36.097024
405,5.9860535001635515,10,0.4240025669336319,-0.7620933175086975,0.39959476590156556,1.1339309215545654,,36.097024
406,5.701164566834218,10,0.41259225010871886,-0.7353354811668396,0.3983974725008011,1.1157223224639892,,36.097024
407,5.593950746442376,10,0.39019755721092225,-0.7473249793052673,0.3972039997577667,1.1350745916366578,,36.097024
408,5.733225546702821,10,0.3938029885292053,-0.7498357713222503,0.3960142433643341,1.118135678768158,,36.097024
409,5.738597738683137,10,0.376911860704422,-0.7688148498535157,0.3948278516530991,1.1340219974517822,,36.097024
410,5.799977980208147,10,0.4035767436027527,-0.7570821702480316,0.3936449557542801,1.1340524435043335,,36.097024
411,5.545017848090139,10,0.39159623980522157,-0.7746409177780151,0.3924657881259918,1.146079182624817,,36.097024
412,5.747609426205254,10,0.4073967576026917,-0.7867847621440888,0.39129014909267423,1.161411666870117,,36.097024
413,5.583608004496776,10,0.40108534395694734,-0.807145482301712,0.3901181101799011,1.1691352605819703,,36.097024
414,5.814935045365445,10,0.3884852260351181,-0.7752195000648499,0.3889494925737381,1.1446423172950744,,36.097024
415,5.548368602285422,10,0.39117600321769713,-0.8326186776161194,0.3877841353416443,1.1966027855873107,,36.097024
416,5.796086002628992,10,0.3748344719409943,-0.8045483291149139,0.38662235140800477,1.1594386577606202,,36.097024
417,5.831517847622564,10,0.3956724345684052,-0.829067713022232,0.38546386659145354,1.175787341594696,,36.097024
418,5.68965453495243,10,0.3627906501293182,-0.8115732431411743,0.3843088895082474,1.1762881875038147,,36.097024
419,5.6128354684479,10,0.3751938998699188,-0.8055086433887482,0.38315750658512115,1.1713011145591736,,36.097024
420,6.015230359202604,10,0.38542943000793456,-0.8546475052833558,0.3820096492767334,1.209961223602295,5.698273768390225,36.097024
421,5.99160823629852,10,0.34580731987953184,-0.8402666330337525,0.3808652311563492,1.2054624795913695,,36.097024
422,5.679334258126836,10,0.3814430356025696,-0.853156042098999,0.379724258184433,1.2137050032615662,,36.097024
423,5.922182905482775,10,0.3805510103702545,-0.868548983335495,0.37858687043190004,1.2419320106506349,,36.097024
424,5.7377842713461815,10,0.3559927225112915,-0.8649950623512268,0.3774529457092285,1.209887933731079,,36.097024
425,5.988873898600554,10,0.3659254789352417,-0.8851334989070893,0.37632218599319456,1.2403079271316528,,36.097024
426,5.709459113844998,10,0.3569252848625183,-0.898363447189331,0.37519474923610685,1.2368037581443787,,36.097024
427,5.751396756457636,10,0.36329615116119385,-0.9080673396587372,0.37407044768333436,1.2543635725975038,,36.097024
428,5.651402153149023,10,0.34043247401714327,-0.896841037273407,0.372949543595314,1.238254964351654,,36.097024
429,5.4410951991671155,10,0.3172243505716324,-0.8990453720092774,0.371832063794136,1.2422091722488404,,36.097024
430,5.630605375697005,10,0.3445824205875397,-0.8811124801635742,0.3707181721925735,1.250987672805786,,36.097024
431,5.571387835197534,10,0.34794277548789976,-0.9122426688671113,0.36960776448249816,1.2518107414245605,,36.097024
432,5.7000231126344785,10,0.36580343544483185,-0.9338907241821289,0.36850058734416963,1.2931445837020874,,36.097024
433,5.594664235679021,10,0.33237612843513487,-0.9321216523647309,0.3673968255519867,1.2729379773139953,,36.097024
434,5.5520003467024415,10,0.35420407354831696,-0.9451794028282166,0.36629619002342223,1.287561309337616,,36.097024
435,5.51608552360013,10,0.33814155757427217,-0.9251890122890473,0.3651987612247467,1.2746632933616637,,36.097024
436,5.531738733334102,10,0.322125506401062,-0.9736045837402344,0.3641046732664108,1.306652557849884,,36.097024
437,5.708620861415409,10,0.32925699055194857,-0.9402281880378723,0.36301381289958956,1.2735981464385986,,36.097024
438,5.699661269435742,10,0.34643401503562926,-0.9699169576168061,0.36192622482776643,1.3068380117416383,,36.097024
439,5.81669212476428,10,0.3378410816192627,-0.9560548603534699,0.3608420193195343,1.3096977472305298,,36.097024
440,5.732600909835434,10,0.3294643074274063,-0.9731899440288544,0.3597612649202347,1.3109965562820434,5.693762777583889,36.097024
441,5.885654631953617,10,0.3319458246231079,-0.9708839774131774,0.3586834728717804,1.3088711023330688,,36.097024
442,5.406223891704901,10,0.34744196236133573,-0.9866355836391449,0.3576088696718216,1.3130598425865174,,36.097024
443,5.79114810414892,10,0.31965228021144865,-1.006543481349945,0.3565374702215195,1.3401652693748474,,36.097024
444,5.519803060974037,10,0.31460327208042144,-1.0126283824443818,0.355469274520874,1.34075266122818,,36.097024
445,5.73300981410508,10,0.30798733830451963,-0.9941869258880616,0.35440422892570494,1.3170244216918945,,36.097024
446,5.7974386389107755,10,0.34469310343265536,-1.02786705493927,0.3533423960208893,1.3537928700447082,,36.097024
447,5.76022423978128,10,0.32071574330329894,-1.0154029369354247,0.35228371322155,1.3527587413787843,,36.097024
448,5.822927700185865,10,0.3066020667552948,-1.016421115398407,0.35122833847999574,1.350323784351349,,36.097024
449,5.518683016745935,10,0.32796514630317686,-1.0440715312957765,0.35017617642879484,1.3738144636154175,,36.097024
450,5.807924726259895,10,0.3018939971923828,-1.064579999446869,0.3491271436214447,1.375139880180359,,36.097024
451,5.496359594839895,10,0.3031957671046257,-1.0664160609245301,0.3480809271335602,1.3912554144859315,,36.097024
452,5.522815894690768,10,0.29768945574760436,-1.0432992041110993,0.34703793823719026,1.3524699211120605,,36.097024
453,5.5440386021554255,10,0.30956871807575226,-1.0626945555210114,0.34599817395210264,1.3886123776435852,,36.097024
454,5.6209175826296525,10,0.30825947523117064,-1.0699946403503418,0.3449615269899368,1.3903932929039002,,36.097024
455,5.484439190359777,10,0.30395073294639585,-1.0223408341407776,0.34392801225185393,1.3486413359642029,,36.097024
456,5.339598323166975,10,0.3031271666288376,-1.0836799561977386,0.3428976058959961,1.3963552951812743,,36.097024
457,5.6809754828694965,10,0.28707884550094603,-1.0899662375450134,0.34187029004096986,1.403742778301239,,36.097024
458,5.984119620530578,10,0.2969363421201706,-1.1004506945610046,0.34084598422050477,1.409221386909485,,36.097024
459,5.628806251532867,10,0.27829806357622144,-1.0734359860420226,0.3398246973752975,1.3919131398200988,,36.097024
460,5.5336017476149815,10,0.29466972649097445,-1.1002608060836792,0.3388065814971924,1.4118368864059447,5.736826942112107,36.097024
461,5.796427275956013,10,0.2944925010204315,-1.090688407421112,0.3377914994955063,1.4054258108139037,,36.097024
462,5.838089485548451,10,0.2722874447703362,-1.0921929359436036,0.33677950501441956,1.4089407444000244,,36.097024
463,5.797884588135787,10,0.2714377328753471,-1.0869332671165466,0.3357705146074295,1.3985578775405885,,36.097024
464,5.505722413101404,10,0.2824878036975861,-1.1247884392738343,0.33476457595825193,1.4393465518951416,,36.097024
465,5.7567057424104995,10,0.2850066959857941,-1.1321519494056702,0.33376161456108094,1.4402265906333924,,36.097024
466,5.781047649890614,10,0.26456422358751297,-1.0782042026519776,0.33276174068450926,1.397552752494812,,36.097024
467,6.002128419747023,10,0.27144649624824524,-1.1306514263153076,0.33176499605178833,1.4371246695518494,,36.097024
468,5.6536607564550385,10,0.29423315078020096,-1.161901342868805,0.3307710140943527,1.4654942512512208,,36.097024
469,5.960234044020487,10,0.28235276937484743,-1.1435411334037782,0.3297799974679947,1.4529918789863587,,36.097024
470,5.899781462139464,10,0.27939883172512053,-1.1108897089958192,0.32879204452037813,1.4157694101333618,,36.097024
471,5.913846597966517,10,0.28855827301740644,-1.1532801389694214,0.3278070330619812,1.4563698649406434,,36.097024
472,5.510260218005514,10,0.2681004792451859,-1.1428253054618835,0.32682494521141053,1.4583936929702759,,36.097024
473,5.440028499855002,10,0.27558988332748413,-1.163961911201477,0.3258459448814392,1.4751423001289368,,36.097024
474,5.810566969610242,10,0.2668474495410919,-1.1652429580688477,0.3248700797557831,1.475070059299469,,36.097024
475,5.882347452316278,10,0.2711529225111008,-1.1512660741806031,0.3238971620798111,1.4666881561279297,,36.097024
476,5.788269707526516,10,0.2621708050370216,-1.1665147423744202,0.3229271560907364,1.4693304419517517,,36.097024
477,5.6601380012073905,10,0.23695024400949477,-1.1860530972480774,0.3219598591327667,1.4796764731407166,,36.097024
478,5.673289058073347,10,0.2768536418676376,-1.1806256175041199,0.3209953099489212,1.486778724193573,,36.097024
479,5.751771136746795,10,0.27165083438158033,-1.2221896171569824,0.3200336962938309,1.512196135520935,,36.097024
480,5.362415282179716,10,0.25183258950710297,-1.1931907653808593,0.31907487511634824,1.4866629242897034,5.635892868490066,36.097024
481,5.753702545867427,10,0.25019262433052064,-1.2149896621704102,0.3181189298629761,1.5232157707214355,,36.097024
482,5.8254433337684,10,0.2592084616422653,-1.205683207511902,0.3171661078929901,1.506087839603424,,36.097024
483,5.727302472095887,10,0.25221195071935654,-1.2022446036338805,0.3162160307168961,1.497756588459015,,36.097024
484,5.551884405244437,10,0.25277422219514845,-1.20324045419693,0.31526872217655183,1.4951592683792114,,36.097024
485,5.553189637852365,10,0.24340543001890183,-1.22568336725235,0.3143242120742798,1.5150393843650818,,36.097024
486,5.77895747494429,10,0.2707196772098541,-1.2221441268920898,0.31338249146938324,1.5193045377731322,,36.097024
487,6.028529896646239,10,0.246021831035614,-1.221224594116211,0.3124436169862747,1.5117215275764466,,36.097024
488,5.961193104993766,10,0.25327691733837127,-1.2470066666603088,0.3115075796842575,1.546045196056366,,36.097024
489,5.798419096434168,10,0.257188618183136,-1.2595610618591309,0.31057446300983427,1.539294457435608,,36.097024
490,5.7530030312617715,10,0.2481696128845215,-1.2674866676330567,0.3096439838409424,1.5590325236320495,,36.097024
491,5.939859695590377,10,0.25156826674938204,-1.2443281412124634,0.30871628522872924,1.5271519660949706,,36.097024
492,5.9919403202049875,10,0.2458013653755188,-1.2837342381477357,0.30779137313365934,1.5718504428863525,,36.097024
493,5.666730902994472,10,0.23321290612220763,-1.254726803302765,0.30686926543712617,1.533730947971344,,36.097024
494,5.6138793913541205,10,0.22942722886800765,-1.2706396579742432,0.30594988763332365,1.5539926171302796,,36.097024
495,5.816741423279238,10,0.23942057639360428,-1.2518367052078248,0.30503329932689666,1.5467639446258545,,36.097024
496,5.995866686548306,10,0.23446032255887986,-1.2701806426048279,0.30411955416202546,1.5450898170471192,,36.097024
497,5.700140738192381,10,0.23237005174160003,-1.2773359656333922,0.3032083660364151,1.5573856592178346,,36.097024
498,5.839104065371028,10,0.23528185337781907,-1.2649678111076355,0.3022999823093414,1.5523792028427124,,36.097024
499,5.68737679460562,10,0.2303109273314476,-1.2950464248657227,0.3013944149017334,1.5712585210800172,,36.097024
500,5.672361064770641,10,0.23153749704360962,-1.2733129143714905,0.30049154460430144,1.5625019192695617,5.69173119550155,36.097024
